Name,ZIP,City,Address,Phone,e-mail,Option
Lengyel Anita,1134,Budapest,Utca utca 2,6309999999,anita.lengyel@colonnade.hu,Standard
Teszt Anna,1135,Budapest,Utca utca 3,6310000000,anita.lengyel@colonnade.hu,Optimal
Kiss János,1136,Budapest,Utca utca 4,6310000001,anita.lengyel@colonnade.hu,Standard
Tóth János,1137,Budapest,Utca utca 5,6310000002,anita.lengyel@colonnade.hu,Medium
Teszt Elek,1138,Budapest,Utca utca 6,6310000003,anita.lengyel@colonnade.hu,Extra
Teszt Ella,1139,Budapest,Utca utca 7,6310000004,anita.lengyel@colonnade.hu,Medium
Nagy Anna,1140,Budapest,Utca utca 8,6310000005,anita.lengyel@colonnade.hu,Extra
Vad Virág,1141,Budapest,Utca utca 9,6310000006,anita.lengyel@colonnade.hu,Optimal
Kerek Erd?,1142,Budapest,Utca utca 10,6310000007,anita.lengyel@colonnade.hu,Standard
